{"cameraMode":{"drawMode":0,"name":"Shaded","section":"Shading Mode"},"sceneLighting":true,"audioPlay":false,"sceneViewState":{"showFog":false,"showMaterialUpdate":true,"showSkybox":true,"showFlares":true,"showImageEffects":true,"showParticleSystems":true},"in2DMode":false,"pivot":{"x":1.8406771421432496,"y":0.5784175992012024,"z":-0.2727636992931366},"rotation":{"x":-0.009906372986733914,"y":0.9843640327453613,"z":-0.16574150323867799,"w":-0.05883563309907913},"size":2.619692802429199,"orthographic":false}